Project Name,Package Name,Architecture Smell,Cause of the Smell
.,org.pdfsam.alternatemix,Feature Concentration,The tool detected the smell in this component because the component realizes more than one architectural concern/feature. Independent sets of related classes within this component are: [AlternateMixModule]; [ModuleConfig]; [AlternateMixParametersBuilder; AlternateMixSelectionPaneTest]; [AlternateMixSelectionPane]; [AlternateMixParametersBuilderTest]. LCC (Lack of Component Cohesion) = 0.83
.,<All packages>,Dense Structure, The tool detected the smell because all the analyzed components exhibit excessive and dense dependencies among themselves. Average degree = 6.59. All the dependencies among components: from: org.pdfsam.alternatemix to: org.pdfsam.ui.support; from: org.pdfsam.alternatemix to: org.pdfsam.i18n; from: org.pdfsam.alternatemix to: org.pdfsam.pdf; from: org.pdfsam to: org.pdfsam.ui; from: org.pdfsam to: org.pdfsam.ui.commons; from: org.pdfsam to: org.pdfsam.update; from: org.pdfsam to: org.pdfsam.news; from: org.pdfsam to: org.pdfsam.premium; from: org.pdfsam to: org.pdfsam.i18n; from: org.pdfsam to: org.pdfsam.ui.notification; from: org.pdfsam to: org.pdfsam.configuration; from: org.pdfsam to: org.pdfsam.context; from: org.pdfsam to: org.pdfsam.ui.dialog; from: org.pdfsam to: org.pdfsam.module; from: org.pdfsam to: org.pdfsam.ui.module; from: org.pdfsam to: org.pdfsam.test; from: org.pdfsam to: org.pdfsam.task; from: org.pdfsam to: org.pdfsam.pdf; from: org.pdfsam.basic to: org.pdfsam.alternatemix; from: org.pdfsam.basic to: org.pdfsam.extract; from: org.pdfsam.basic to: org.pdfsam.merge; from: org.pdfsam.basic to: org.pdfsam.rotate; from: org.pdfsam.basic to: org.pdfsam.split; from: org.pdfsam.basic to: org.pdfsam.splitbybookmarks; from: org.pdfsam.basic to: org.pdfsam.splitbysize; from: org.pdfsam.basic to: org.pdfsam; from: org.pdfsam.module to: org.pdfsam.test; from: org.pdfsam.news to: org.pdfsam.i18n; from: org.pdfsam.news to: org.pdfsam; from: org.pdfsam.news to: org.pdfsam.test; from: org.pdfsam.pdf to: org.pdfsam.i18n; from: org.pdfsam.pdf to: org.pdfsam.test; from: org.pdfsam.premium to: org.pdfsam.i18n; from: org.pdfsam.premium to: org.pdfsam; from: org.pdfsam.premium to: org.pdfsam.test; from: org.pdfsam.support to: org.pdfsam; from: org.pdfsam.support.io to: org.pdfsam.i18n; from: org.pdfsam.support.params to: org.pdfsam.i18n; from: org.pdfsam.task to: org.pdfsam; from: org.pdfsam.task to: org.pdfsam.module; from: org.pdfsam.ui to: org.pdfsam; from: org.pdfsam.ui to: org.pdfsam.test; from: org.pdfsam.ui to: org.pdfsam.ui.commons; from: org.pdfsam.ui to: org.pdfsam.ui.event; from: org.pdfsam.ui to: org.pdfsam.module; from: org.pdfsam.ui to: org.pdfsam.ui.workarea; from: org.pdfsam.ui to: org.pdfsam.ui.dashboard; from: org.pdfsam.ui to: org.pdfsam.i18n; from: org.pdfsam.ui to: org.pdfsam.ui.workspace; from: org.pdfsam.update to: org.pdfsam.i18n; from: org.pdfsam.update to: org.pdfsam.test; from: org.pdfsam.update to: org.pdfsam; from: org.pdfsam.extract to: org.pdfsam.ui.support; from: org.pdfsam.extract to: org.pdfsam.i18n; from: org.pdfsam.extract to: org.pdfsam.support.params; from: org.pdfsam.extract to: org.pdfsam.ui.commons; from: org.pdfsam.extract to: org.pdfsam.pdf; from: org.pdfsam.ui.commons to: org.pdfsam.i18n; from: org.pdfsam.ui.commons to: org.pdfsam.ui.help; from: org.pdfsam.ui.commons to: org.pdfsam.pdf; from: org.pdfsam.ui.commons to: org.pdfsam.support.validation; from: org.pdfsam.ui.io to: org.pdfsam.i18n; from: org.pdfsam.ui.io to: org.pdfsam.support.validation; from: org.pdfsam.ui.io to: org.pdfsam.ui.support; from: org.pdfsam.ui.io to: org.pdfsam.support.params; from: org.pdfsam.ui.io to: org.pdfsam.ui.commons; from: org.pdfsam.ui.io to: org.pdfsam.context; from: org.pdfsam.ui.io to: org.pdfsam.test; from: org.pdfsam.ui.module to: org.pdfsam.i18n; from: org.pdfsam.ui.module to: org.pdfsam.module; from: org.pdfsam.ui.module to: org.pdfsam.ui.commons; from: org.pdfsam.ui.module to: org.pdfsam.test; from: org.pdfsam.ui.module to: org.pdfsam.pdf; from: org.pdfsam.ui.notification to: org.pdfsam.i18n; from: org.pdfsam.ui.notification to: org.pdfsam.module; from: org.pdfsam.ui.notification to: org.pdfsam; from: org.pdfsam.ui.notification to: org.pdfsam.context; from: org.pdfsam.ui.prefix to: org.pdfsam.i18n; from: org.pdfsam.ui.prefix to: org.pdfsam.module; from: org.pdfsam.ui.prefix to: org.pdfsam.support.params; from: org.pdfsam.ui.prefix to: org.pdfsam.context; from: org.pdfsam.ui.selection to: org.pdfsam.i18n; from: org.pdfsam.ui.selection to: org.pdfsam.pdf; from: org.pdfsam.ui.selection.multiple to: org.pdfsam.ui.commons; from: org.pdfsam.ui.selection.multiple to: org.pdfsam.i18n; from: org.pdfsam.ui.selection.multiple to: org.pdfsam.ui.selection.multiple.move; from: org.pdfsam.ui.selection.multiple to: org.pdfsam.pdf; from: org.pdfsam.ui.selection.multiple to: org.pdfsam.support.params; from: org.pdfsam.ui.selection.multiple to: org.pdfsam.ui.io; from: org.pdfsam.ui.selection.multiple to: org.pdfsam.support; from: org.pdfsam.ui.selection.single to: org.pdfsam.ui.commons; from: org.pdfsam.ui.selection.single to: org.pdfsam.i18n; from: org.pdfsam.ui.selection.single to: org.pdfsam.pdf; from: org.pdfsam.ui.selection.single to: org.pdfsam.ui.io; from: org.pdfsam.ui.selection.single to: org.pdfsam.support; from: org.pdfsam.ui.support to: org.pdfsam.support.validation; from: org.pdfsam.configuration to: org.pdfsam.i18n; from: org.pdfsam.configuration to: org.pdfsam.test; from: org.pdfsam.sound to: org.pdfsam.test; from: org.pdfsam.ui.banner to: org.pdfsam.i18n; from: org.pdfsam.ui.banner to: org.pdfsam.ui.dashboard; from: org.pdfsam.ui.banner to: org.pdfsam.news; from: org.pdfsam.ui.banner to: org.pdfsam.ui.commons; from: org.pdfsam.ui.banner to: org.pdfsam.ui.io; from: org.pdfsam.ui.banner to: org.pdfsam.ui.event; from: org.pdfsam.ui.banner to: org.pdfsam.test; from: org.pdfsam.ui.banner to: org.pdfsam.ui; from: org.pdfsam.ui.banner to: org.pdfsam.ui.workspace; from: org.pdfsam.ui.dashboard.about to: org.pdfsam.i18n; from: org.pdfsam.ui.dashboard.about to: org.pdfsam.ui.commons; from: org.pdfsam.ui.dashboard.about to: org.pdfsam.test; from: org.pdfsam.ui.dashboard.about to: org.pdfsam; from: org.pdfsam.ui.dashboard to: org.pdfsam.i18n; from: org.pdfsam.ui.dashboard to: org.pdfsam.ui.commons; from: org.pdfsam.ui.dashboard to: org.pdfsam.test; from: org.pdfsam.ui.dashboard to: org.pdfsam.ui.event; from: org.pdfsam.ui.dashboard to: org.pdfsam; from: org.pdfsam.ui.dashboard.modules to: org.pdfsam.i18n; from: org.pdfsam.ui.dashboard.modules to: org.pdfsam.ui.commons; from: org.pdfsam.ui.dashboard.modules to: org.pdfsam.test; from: org.pdfsam.ui.dashboard.preference to: org.pdfsam.i18n; from: org.pdfsam.ui.dashboard.preference to: org.pdfsam.support.validation; from: org.pdfsam.ui.dashboard.preference to: org.pdfsam.update; from: org.pdfsam.ui.dashboard.preference to: org.pdfsam.module; from: org.pdfsam.ui.dashboard.preference to: org.pdfsam.context; from: org.pdfsam.ui.dialog to: org.pdfsam.i18n; from: org.pdfsam.ui.dialog to: org.pdfsam.test; from: org.pdfsam.ui.dialog to: org.pdfsam.configuration; from: org.pdfsam.ui.dialog to: org.pdfsam.module; from: org.pdfsam.ui.dialog to: org.pdfsam.ui; from: org.pdfsam.ui.dialog to: org.pdfsam.ui.commons; from: org.pdfsam.ui.dialog to: org.pdfsam.pdf; from: org.pdfsam.ui.dnd to: org.pdfsam.i18n; from: org.pdfsam.ui.dnd to: org.pdfsam.pdf; from: org.pdfsam.ui.dnd to: org.pdfsam.ui.dialog; from: org.pdfsam.ui.dnd to: org.pdfsam.test; from: org.pdfsam.ui.info to: org.pdfsam.i18n; from: org.pdfsam.ui.info to: org.pdfsam.configuration; from: org.pdfsam.ui.info to: org.pdfsam.pdf; from: org.pdfsam.ui.log to: org.pdfsam.ui.support; from: org.pdfsam.ui.log to: org.pdfsam.i18n; from: org.pdfsam.ui.log to: org.pdfsam.ui.io; from: org.pdfsam.ui.log to: org.pdfsam.ui.commons; from: org.pdfsam.ui.log to: org.pdfsam.context; from: org.pdfsam.ui.news to: org.pdfsam.ui.commons; from: org.pdfsam.ui.news to: org.pdfsam.news; from: org.pdfsam.ui.news to: org.pdfsam.i18n; from: org.pdfsam.ui.workarea to: org.pdfsam.test; from: org.pdfsam.ui.workarea to: org.pdfsam.ui.commons; from: org.pdfsam.ui.workarea to: org.pdfsam.module; from: org.pdfsam.ui.workarea to: org.pdfsam.ui.event; from: org.pdfsam.merge to: org.pdfsam.i18n; from: org.pdfsam.merge to: org.pdfsam.pdf; from: org.pdfsam.rotate to: org.pdfsam.ui.support; from: org.pdfsam.rotate to: org.pdfsam.i18n; from: org.pdfsam.rotate to: org.pdfsam.pdf; from: org.pdfsam.split to: org.pdfsam.i18n; from: org.pdfsam.split to: org.pdfsam.support.validation; from: org.pdfsam.split to: org.pdfsam.ui.support; from: org.pdfsam.split to: org.pdfsam.support; from: org.pdfsam.split to: org.pdfsam.support.params; from: org.pdfsam.split to: org.pdfsam.ui.commons; from: org.pdfsam.splitbybookmarks to: org.pdfsam.support.validation; from: org.pdfsam.splitbybookmarks to: org.pdfsam.i18n; from: org.pdfsam.splitbybookmarks to: org.pdfsam.ui.support; from: org.pdfsam.splitbysize to: org.pdfsam.i18n; from: org.pdfsam.splitbysize to: org.pdfsam.ui.support; from: org.pdfsam.splitbysize to: org.pdfsam.support.validation.
.,org.pdfsam,Cyclic Dependency,The tool detected the smell in this component because this component participates in a cyclic dependency. The participating components in the cycle are: org.pdfsam; org.pdfsam.ui
.,org.pdfsam,Cyclic Dependency,The tool detected the smell in this component because this component participates in a cyclic dependency. The participating components in the cycle are: org.pdfsam; org.pdfsam.ui; org.pdfsam.ui.dashboard
.,org.pdfsam,Cyclic Dependency,The tool detected the smell in this component because this component participates in a cyclic dependency. The participating components in the cycle are: org.pdfsam; org.pdfsam.ui.dialog; org.pdfsam.ui; org.pdfsam.ui.dashboard
.,org.pdfsam,Unstable Dependency,The tool detected the smell in this component because this component depends on other components that are less stable than itself. This component depends on following less stable component(s): org.pdfsam.ui.notification; org.pdfsam.ui.dialog; org.pdfsam.ui.module
.,org.pdfsam,Feature Concentration,The tool detected the smell in this component because the component realizes more than one architectural concern/feature. Independent sets of related classes within this component are: [Cycles; TestCycles; Cycles; Cycles; Cycles; Cycles; Cycles; Cycles; Cycles; Cycles; Cycles]; [Pdfsam; PdfsamApp; WindowStatusController; WindowStatusControllerTest; Services]; [ShutdownEvent]; [NoHeadless]; [NoWindows]; [TestUtils; NotInstanceOf]; [InputPdfArgumentsController; InputPdfArgumentsControllerTest]; [OpenFileController]; [PdfsamConfig]; [UncaughtExceptionLogger]. LCC (Lack of Component Cohesion) = 0.38
.,org.pdfsam.module,Feature Concentration,The tool detected the smell in this component because the component realizes more than one architectural concern/feature. Independent sets of related classes within this component are: [ClearUsageRequestEvent; ClearUsageControllerTest; ClearUsageController; ModuleServiceConfig; StatefulPreferencesUsageService; UsageService]; [Module; StatefulPreferencesUsageServiceTest; Config; ModuleDescriptor; ModuleDescriptorBuilder; ModuleDescriptorBuilderTest; ModuleUsage; PreferencesUsageDataStore; ModuleUsageTest; PreferencesUsageDataStoreTest]; [ModuleKeyValueItem; ModuleKeyValueItemTest]; [ModuleOwned]; [TaskExecutionRequestEvent]; [ModulePriorityTest]; [TaskExecutionRequestEventTest]. LCC (Lack of Component Cohesion) = 0.32
.,org.pdfsam.news,Cyclic Dependency,The tool detected the smell in this component because this component participates in a cyclic dependency. The participating components in the cycle are: org.pdfsam.news; org.pdfsam
.,org.pdfsam.news,Unstable Dependency,The tool detected the smell in this component because this component depends on other components that are less stable than itself. This component depends on following less stable component(s): org.pdfsam
.,org.pdfsam.news,Feature Concentration,The tool detected the smell in this component because the component realizes more than one architectural concern/feature. Independent sets of related classes within this component are: [FetchLatestNewsRequest; LatestNewsControllerTest; LatestNewsEvent; LatestNewsEventTest; NewImportantNewsEvent; NewImportantNewsEventTest; NewsData; DefaultNewsService; DefaultNewsServiceTest; ShowNewsPanelRequest; LatestNewsController; NewsService]; [HideNewsPanelRequest]; [NewsServiceConfig]. LCC (Lack of Component Cohesion) = 0.21
.,org.pdfsam.pdf,Feature Concentration,The tool detected the smell in this component because the component realizes more than one architectural concern/feature. Independent sets of related classes within this component are: [BaseFilesDroppedEvent; MultipleFilesDroppedEvent; SingleFileDroppedEvent; SingleFileDroppedEventTest]; [PdfDocumentDescriptor; PdfDocumentDescriptorTest; PdfLoadRequestEventTest; BookmarksLevelSAMBoxLoaderTest; DefaultSAMBoxLoaderTest; PdfLoadControllerTest; SAMBoxPdfLoadServiceTest; PdfFilesListLoadRequest; PdfFilesListLoadRequestTest; PdfLoadRequestEvent; PdfLoadController; PdfLoadService]; [PdfDocumentDescriptorProvider]; [BookmarksLevelSAMBoxLoader; PdfLoader]; [DefaultSAMBoxLoader]; [PdfListParser; PdfListParserTest]; [PdfServiceConfig]; [SAMBoxPdfLoadService]. LCC (Lack of Component Cohesion) = 0.33
.,org.pdfsam.premium,Cyclic Dependency,The tool detected the smell in this component because this component participates in a cyclic dependency. The participating components in the cycle are: org.pdfsam.premium; org.pdfsam
.,org.pdfsam.premium,Unstable Dependency,The tool detected the smell in this component because this component depends on other components that are less stable than itself. This component depends on following less stable component(s): org.pdfsam
.,org.pdfsam.support,Unstable Dependency,The tool detected the smell in this component because this component depends on other components that are less stable than itself. This component depends on following less stable component(s): org.pdfsam
.,org.pdfsam.support,Feature Concentration,The tool detected the smell in this component because the component realizes more than one architectural concern/feature. Independent sets of related classes within this component are: [EncryptionUtils; EncryptionUtilsTest]; [KeyStringValueItem; KeyValueItem; LocaleKeyValueItem; KeyStringValueItemTest; LocaleKeyValueItemTest]; [ObservableAtomicReference]; [XmlUtils; XmlUtilsTest]; [ObservableAtomicReferenceTest]. LCC (Lack of Component Cohesion) = 0.45
.,org.pdfsam.support.params,Feature Concentration,The tool detected the smell in this component because the component realizes more than one architectural concern/feature. Independent sets of related classes within this component are: [AbstractParametersBuilder]; [AbstractPdfOutputParametersBuilder]; [ConversionUtils; ConversionUtilsTest]; [MultipleOutputTaskParametersBuilder]; [MultiplePdfSourceMultipleOutputParametersBuilder]; [SingleOutputTaskParametersBuilder]; [SinglePdfSourceMultipleOutputParametersBuilder]; [SinglePdfSourceTaskParametersBuilder]; [SplitParametersBuilder]; [TaskParametersBuildStep]. LCC (Lack of Component Cohesion) = 0.91
.,org.pdfsam.support.validation,Feature Concentration,The tool detected the smell in this component because the component realizes more than one architectural concern/feature. Independent sets of related classes within this component are: [ContainedIntegerValidator; Validator; Validators; DirectoryValidatorTest; FileTypeValidatorTest; FileValidatorTest; IntegerStringValidatorTest; IntRangeStringValidatorTest; RegexValidatorTest; ValidatorsTest; FileTypeValidator; FileValidator; PositiveIntegerStringValidator; PositiveIntRangeStringValidator; PositiveIntegerValidator; RegexValidator]; [AlwaysInvalidStringTest]; [BlankStringDecoratorTest]; [ContainedIntegerValidatorTest]; [NonBlankStringValidatorTest]. LCC (Lack of Component Cohesion) = 0.25
.,org.pdfsam.task,Cyclic Dependency,The tool detected the smell in this component because this component participates in a cyclic dependency. The participating components in the cycle are: org.pdfsam.task; org.pdfsam
.,org.pdfsam.task,Unstable Dependency,The tool detected the smell in this component because this component depends on other components that are less stable than itself. This component depends on following less stable component(s): org.pdfsam
.,org.pdfsam.task,Feature Concentration,The tool detected the smell in this component because the component realizes more than one architectural concern/feature. Independent sets of related classes within this component are: [BulkRotateParameters]; [PdfRotationInput]; [BulkRotateParametersTest]; [PdfRotationInputTest]; [BulkRotateTask]; [TaskExecutionController]; [TaskEventBroadcaster]; [TaskExecutionServiceConfig]; [BulkRotateTaskTest]; [TaskExecutionControllerTest]. LCC (Lack of Component Cohesion) = 1.0
.,org.pdfsam.ui,Cyclic Dependency,The tool detected the smell in this component because this component participates in a cyclic dependency. The participating components in the cycle are: org.pdfsam.ui; org.pdfsam; org.pdfsam.ui.dialog
.,org.pdfsam.ui,Unstable Dependency,The tool detected the smell in this component because this component depends on other components that are less stable than itself. This component depends on following less stable component(s): org.pdfsam; org.pdfsam.ui.workarea; org.pdfsam.ui.dashboard
.,org.pdfsam.ui,Feature Concentration,The tool detected the smell in this component because the component realizes more than one architectural concern/feature. Independent sets of related classes within this component are: [InputPdfArgumentsLoadRequest]; [ResettableView]; [SetLatestStageStatusRequest; SetLatestStageStatusRequestTest; StageServiceControllerTest; StageStatus; StageStatusTest; DefaultStageService; StageService; UIServiceConfig; DefaultStageServiceTest; JsonWorkspaceService; PreferencesRecentWorkspacesService; RecentWorkspacesService; PreferencesRecentWorkspacesServiceTest; WorkspaceControllerTest; StageServiceController; WorkspaceController; WorkspaceService]; [InputPdfArgumentsLoadRequestTest]; [StageModeTest]; [ContentPane; ContentPaneTest; Config]; [MainPane]; [JsonWorkspaceServiceTest]. LCC (Lack of Component Cohesion) = 0.31
.,org.pdfsam.ui.workspace,Feature Concentration,The tool detected the smell in this component because the component realizes more than one architectural concern/feature. Independent sets of related classes within this component are: [BaseWorkspaceEvent; LoadWorkspaceEvent; SaveWorkspaceEvent; WorkspaceLoadedEvent; LoadWorkspaceEventTest; SaveWorkspaceEventTest; WorkspaceLoadedEventTest]; [RestorableView]. LCC (Lack of Component Cohesion) = 0.25
.,org.pdfsam.update,Cyclic Dependency,The tool detected the smell in this component because this component participates in a cyclic dependency. The participating components in the cycle are: org.pdfsam.update; org.pdfsam
.,org.pdfsam.update,Unstable Dependency,The tool detected the smell in this component because this component depends on other components that are less stable than itself. This component depends on following less stable component(s): org.pdfsam
.,org.pdfsam.update,Feature Concentration,The tool detected the smell in this component because the component realizes more than one architectural concern/feature. Independent sets of related classes within this component are: [NoUpdateAvailable; UpdatesControllerTest; UpdateAvailableEvent; UpdateAvailableEventTest; UpdateCheckRequest; UpdatesController; UpdateService]; [DefaultUpdateService; DefaultUpdateServiceTest]; [UpdateServiceConfig]. LCC (Lack of Component Cohesion) = 0.3
.,org.pdfsam.test,Feature Concentration,The tool detected the smell in this component because the component realizes more than one architectural concern/feature. Independent sets of related classes within this component are: [ClearEventStudioRule]; [DefaultPriorityTestModule]; [HighPriorityTestModule]; [HitConsumer]; [HitTestListener]; [InitializeAndApplyJavaFxThreadRule; JavaFXThreadRule]; [InitializeJavaFxThreadRule]; [JavaFXInitlializer]; [LowPriorityTestModule]; [DefaultPriorityDashboardItem]. LCC (Lack of Component Cohesion) = 0.91
.,org.pdfsam.extract,Feature Concentration,The tool detected the smell in this component because the component realizes more than one architectural concern/feature. Independent sets of related classes within this component are: [ExtractModule]; [ModuleConfig]; [ExtractOptionsPane]; [ExtractParametersBuilder; ExtractOptionsPaneTest; ExtractSelectionPaneTest]; [ExtractSelectionPane]; [ExtractParametersBuilderTest]. LCC (Lack of Component Cohesion) = 0.75
.,org.pdfsam.ui.commons,God Component,The tool detected the smell in this component because the component contains high number of classes. Number of classes in the component are: 32
.,org.pdfsam.ui.commons,Feature Concentration,The tool detected the smell in this component because the component realizes more than one architectural concern/feature. Independent sets of related classes within this component are: [Animations]; [ClearModuleEvent]; [ClosePane]; [HideOnEscapeHandler]; [HideStageRequest; ClosePaneTest]; [HidingPane; HidingPaneTest]; [NonExistingOutputDirectoryEvent]; [OpenFileRequest; OpenFileRequestTest]; [OpenUrlRequest; OpenUrlRequestTest; UrlButtonTest; UrlButton]; [RadioButtonDrivenTextFieldsPane]; [RemoveSelectedEvent]; [SetActiveModuleRequest; SetActiveModuleRequestTest]; [SetDestinationRequest; SetDestinationRequestTest]; [SetPageRangesRequest]; [ShowPdfDescriptorRequest; ShowPdfDescriptorRequestTest]; [ShowStageRequest]; [ToggleChangeListener]; [ValidableTextField; ErrorTooltipManager]; [HideOnEscapeHandlerTest]; [RadioButtonDrivenTextFieldsPaneTest]; [ToggleChangeListenerTest]; [ValidableTextFieldTest]. LCC (Lack of Component Cohesion) = 0.69
.,org.pdfsam.ui.io,God Component,The tool detected the smell in this component because the component contains high number of classes. Number of classes in the component are: 43
.,org.pdfsam.ui.io,Feature Concentration,The tool detected the smell in this component because the component realizes more than one architectural concern/feature. Independent sets of related classes within this component are: [AddPdfVersionConstraintEvent; PdfVersionConstrainedCheckBoxTest; RemovePdfVersionConstraintEvent]; [BasePdfVersionEvent]; [BaseRememberingLatestChooser; RememberingLatestDirectoryChooserWrapper; RememberingLatestFileChooserWrapper; SetLatestDirectoryEvent; RememberingLatestDirectoryChooserWrapperTest; SetLatestDirectoryEventTest]; [BrowsableDirectoryField; FileChoosers; BrowsableDirectoryFieldUITest; BrowseEventHandler; BrowsableFileField; BrowsableFileFieldUITest; BrowseEventHandler]; [BrowsableField]; [BrowsableOutputDirectoryField]; [BrowsablePdfInputField]; [BrowsablePdfOutputField]; [ChangedSelectedPdfVersionEvent]; [DestinationPane]; [PdfDestinationPane]; [PdfVersionCombo]; [PdfVersionComboItem]; [DefaultPdfVersionComboItem]; [SameAsSourceComboItem]; [PdfVersionConstrainedCheckBox]; [PdfVersionFilter]; [AddPdfVersionConstraintEventTest]; [BasePdfVersionEventTest]; [BrowsableDirectoryFieldTest]; [BrowsableFileFieldTest]; [BrowsableOutputDirectoryFieldTest]; [BrowsablePdfInputFieldTest]; [BrowsablePdfOutputFieldTest]; [PdfDestinationPaneTest]; [PdfDestinationPaneUITest]; [PdfVersionComboTest]; [BasePdfVersionEventListener]; [PdfVersionFilterTest]; [RemovePdfVersionConstraintEventTest]. LCC (Lack of Component Cohesion) = 0.7
.,org.pdfsam.ui.module,Feature Concentration,The tool detected the smell in this component because the component realizes more than one architectural concern/feature. Independent sets of related classes within this component are: [BaseTaskExecutionModule]; [ErrorTracker]; [Footer]; [ModuleOwnedButton; ModuleOwnedButtonTest]; [OpenButton]; [OpenWithMenuItem]; [RunButton]; [TaskFailedButton]; [FooterTest]; [OpenButtonTest]; [TestListener]; [RunButtonTest]; [TaskFailedButtonTest]. LCC (Lack of Component Cohesion) = 0.93
.,org.pdfsam.ui.notification,Cyclic Dependency,The tool detected the smell in this component because this component participates in a cyclic dependency. The participating components in the cycle are: org.pdfsam.ui.notification; org.pdfsam
.,org.pdfsam.ui.notification,Feature Concentration,The tool detected the smell in this component because the component realizes more than one architectural concern/feature. Independent sets of related classes within this component are: [AddNotificationRequestEvent; AddNotificationRequestEventTest]; [Notification]; [NotificationsContainer; NotificationsControllerTest]; [NotificationsController]; [RemoveNotificationRequestEvent; RemoveNotificationRequestEventTest]; [NotificationsContainerTest]. LCC (Lack of Component Cohesion) = 0.67
.,org.pdfsam.ui.selection,Feature Concentration,The tool detected the smell in this component because the component realizes more than one architectural concern/feature. Independent sets of related classes within this component are: [LoadingStatusIndicatorUpdater]; [PasswordFieldPopup; PasswordFieldPopupContent; PasswordFieldPopupSkin]; [ShowPasswordFieldPopupRequest]; [ToolbarButton]; [LoadingStatusIndicatorUpdaterTest]; [PasswordFieldPopupTest]; [ShowPasswordFieldPopupRequestTest]. LCC (Lack of Component Cohesion) = 0.78
.,org.pdfsam.ui.selection.multiple,God Component,The tool detected the smell in this component because the component contains high number of classes. Number of classes in the component are: 34
.,org.pdfsam.ui.selection.multiple,Feature Concentration,The tool detected the smell in this component because the component realizes more than one architectural concern/feature. Independent sets of related classes within this component are: [DuplicateSelectedEvent]; [IndexColumn]; [LoadingColumn]; [LoadingStatusCell]; [MultipleSelectionPane]; [PaceColumn]; [PageRangesColumn; SelectionTable; SelectionChangedEvent; SelectionChangedEventTest; SelectionTableTest]; [ReverseColumn]; [SelectionTableColumn]; [SelectionTableRowData]; [SelectionTableToolbar]; [AddButton]; [RemoveButton]; [ClearButton]; [BaseMoveSelectedButton]; [MoveUpButton]; [MoveDownButton]; [TableColumnProvider]; [TooltippedTextFieldTableCell]; [FileColumnTest]; [IntegerColumnTest]; [LoadingColumnTest]; [LongColumnTest]; [PaceColumnTest]; [PageRangesColumnTest]; [SelectionTableRowDataTest]; [SelectionTableToolbarTest]; [SelectionTableToolbarWithoutMoveTest]; [SelectionTableWithoutDuplicateTest]; [SelectionTableWithoutMoveTest]. LCC (Lack of Component Cohesion) = 0.88
.,org.pdfsam.ui.selection.multiple.move,Feature Concentration,The tool detected the smell in this component because the component realizes more than one architectural concern/feature. Independent sets of related classes within this component are: [MoveSelectedEvent; MoveSelectedEventTest]; [MultipleSelectionAndFocus; SelectionAndFocus; SingleSelectionAndFocus; MoveTypeTest; MultipleSelectionAndFocusTest; SingleSelectionAndFocusTest]. LCC (Lack of Component Cohesion) = 0.25
.,org.pdfsam.ui.selection.single,Feature Concentration,The tool detected the smell in this component because the component realizes more than one architectural concern/feature. Independent sets of related classes within this component are: [SingleSelectionPane]; [SingleSelectionPaneToolbar; ClearButton]; [SelectButton]; [TaskParametersBuilderSingleSelectionPane]; [SingleSelectionPaneTest]; [SingleSelectionPaneToolbarTest]. LCC (Lack of Component Cohesion) = 0.86
.,org.pdfsam.ui.banner,Feature Concentration,The tool detected the smell in this component because the component realizes more than one architectural concern/feature. Independent sets of related classes within this component are: [AppContextMenu; MenuButtonTest; MenuConfig; ModulesMenuTest; SettingsMenuTest; WorkspaceMenuTest; MenuButton]; [BannerButton]; [BannerButtons]; [BannerPane; BannerPaneTest]; [DashboardButton; DashboardButtonTest]; [LogButton; LogButtonTest]; [ModulesMenu]; [NewsButton; NewsButtonTest]; [WorkspaceMenu]; [WorkspaceMenuItem]; [BannerButtonTest]; [Config]. LCC (Lack of Component Cohesion) = 0.55
.,org.pdfsam.ui.dashboard,Feature Concentration,The tool detected the smell in this component because the component realizes more than one architectural concern/feature. Independent sets of related classes within this component are: [AboutDashboadItem; DashboardTest; EnabledItem; Dashboard]; [DashboardButton; DashboardButtonTest]; [DashboardConfig; ModulesDashboardItem]; [DashboardItem; QuickbarDashboardButtonsPaneTest; QuickbarDashboardButtonsPane]; [DashboardItemPane]; [PreferencesDashboardItem]; [DashboardItemPaneTest]; [Config]; [DisabledItem]. LCC (Lack of Component Cohesion) = 0.56
.,org.pdfsam.ui.dashboard.modules,Feature Concentration,The tool detected the smell in this component because the component realizes more than one architectural concern/feature. Independent sets of related classes within this component are: [DashboardTile]; [ModulesDashboardPane]; [ModulesDashboardTile]; [PremiumModuleTile]; [ModulesDashboardPaneTest]; [ModulesDashboardTileTest]. LCC (Lack of Component Cohesion) = 1.0
.,org.pdfsam.ui.dashboard.preference,Feature Concentration,The tool detected the smell in this component because the component realizes more than one architectural concern/feature. Independent sets of related classes within this component are: [CheckForUpdatesButton]; [ClearStatisticsButton]; [PreferenceAppearencePane]; [PreferenceBehaviorPane]; [PreferenceBrowsableDirectoryField; PreferenceBrowsableDirectoryFieldTest]; [PreferenceBrowsableFileField]; [PreferenceCheckBox; PreferenceCheckBoxTest]; [PreferenceComboBox]; [PreferenceConfig]; [PreferenceIntTextField; PreferenceIntTextFieldTest]; [PreferenceOutputPane]; [PreferencePane; PreferencePaneTest]; [PreferenceRadioButton; PreferenceRadioButtonTest]; [PreferenceSetterOnValidState]; [PreferenceThumbnailsPane]; [PreferenceWorkspacePane]; [CheckForUpdatesButtonTest]; [ClearStatisticsButtonTest]; [PreferenceAppearencePaneTest]; [PreferenceBrowsableFileFieldTest]; [PreferenceComboBoxTest]; [PreferenceOutputPaneTest]; [Config]; [PreferenceSetterOnValidStateTest]. LCC (Lack of Component Cohesion) = 0.83
.,org.pdfsam.ui.dialog,Feature Concentration,The tool detected the smell in this component because the component realizes more than one architectural concern/feature. Independent sets of related classes within this component are: [AddSubdirectoriesConfirmationDialog; ConfirmationDialog; CreateOutputDirectoryConfirmationDialog; LenientExecutionConfirmationDialog; OverwriteConfirmationDialog; CreateOutputDirectoryConfirmationDialogTest; LenientExecutionConfirmationDialogTest; OverwriteConfirmationDialogTest; OverwriteDialogControllerTest; Config; OverwriteDialogController]; [ConfirmationDialogContent]; [CreateOutputDirectoryDialogController]; [LenientTaskExecutionDialogController]; [OpenWithDialog; OpenWithDialogControllerTest; OpenWithDialogTest; OpenWithDialogController]; [ConfirmationDialogContentTest]; [CreateOutputDirectoryDialogControllerTest; Config; OverwriteDialogControllerUITest]; [LenientTaskExecutionDialogControllerTest]; [Config]; [Config]. LCC (Lack of Component Cohesion) = 0.4
.,org.pdfsam.ui.info,Feature Concentration,The tool detected the smell in this component because the component realizes more than one architectural concern/feature. Independent sets of related classes within this component are: [BaseInfoTab]; [InfoPane]; [InfoStage; InfoStageTest]; [InfoStageController]; [KeywordsTab]; [SummaryTab]; [Config]; [KeywordsTabTest]; [SummaryTabTest]. LCC (Lack of Component Cohesion) = 0.9
.,org.pdfsam.ui.log,Feature Concentration,The tool detected the smell in this component because the component realizes more than one architectural concern/feature. Independent sets of related classes within this component are: [ErrorLoggedEvent; LogMessageBroadcaster; LogMessageBroadcasterTest; LogMessage; LogMessageTest]; [LogAreaVisiblityChangedEvent]; [LoggerConfig]; [LogListView; TextCell; MaxLogRowsChangedEvent; LogPaneTest; LogPane]; [LogStage]; [UpToInfoFilter]; [LogLevelTest]; [LogListViewTest]; [Config]; [Config]. LCC (Lack of Component Cohesion) = 0.56
.,org.pdfsam.ui.quickbar,Feature Concentration,The tool detected the smell in this component because the component realizes more than one architectural concern/feature. Independent sets of related classes within this component are: [BaseQuickbarButton]; [BaseQuickbarButtonsPane; QuickbarPaneTest]; [ExpandButton; ExpandButtonTest]; [QuickbarPane]; [BaseQuickbarButtonTest]. LCC (Lack of Component Cohesion) = 0.71
.,org.pdfsam.ui.workarea,Feature Concentration,The tool detected the smell in this component because the component realizes more than one architectural concern/feature. Independent sets of related classes within this component are: [ModuleButton; ModuleButtonTest; QuickbarModuleButtonsPaneTest; QuickbarModuleButtonsPane; QuickbarModuleButtonsProvider; QuickbarModuleButtonsProviderTest]; [WorkArea; WorkAreaTest; TestModule]; [Config]. LCC (Lack of Component Cohesion) = 0.3
.,org.pdfsam.merge,Feature Concentration,The tool detected the smell in this component because the component realizes more than one architectural concern/feature. Independent sets of related classes within this component are: [MergeModule]; [ModuleConfig]; [MergeOptionsPane]; [MergeParametersBuilder; MergeOptionsPaneTest; MergeSelectionPaneTest]; [MergeSelectionPane]; [MergeParametersBuilderTest]. LCC (Lack of Component Cohesion) = 0.75
.,org.pdfsam.rotate,Feature Concentration,The tool detected the smell in this component because the component realizes more than one architectural concern/feature. Independent sets of related classes within this component are: [RotateModule]; [ModuleConfig]; [RotateOptionsPane]; [RotateParametersBuilder; RotateOptionsPaneTest; RotateSelectionPaneTest]; [RotateSelectionPane]; [RotateParametersBuilderTest]. LCC (Lack of Component Cohesion) = 0.75
.,org.pdfsam.split,Feature Concentration,The tool detected the smell in this component because the component realizes more than one architectural concern/feature. Independent sets of related classes within this component are: [SplitAfterPredefinedSetOfPagesRadioButton]; [SimpleSplitParametersBuilder]; [SplitAfterRadioButton]; [SplitByPageParametersBuilder]; [SplitByEveryRadioButton]; [SplitByEveryXPagesParametersBuilder]; [SplitModule]; [ModuleConfig]; [SplitOptionsPane]; [SplitParametersBuilderCreator]; [SplitAfterPredefinedSetOfPagesRadioButtonTest]; [SplitAfterRadioButtonTest]; [SplitByEveryRadioButtonTest]. LCC (Lack of Component Cohesion) = 1.0
.,org.pdfsam.splitbybookmarks,Feature Concentration,The tool detected the smell in this component because the component realizes more than one architectural concern/feature. Independent sets of related classes within this component are: [BookmarksLevelComboBox; SplitOptionsPaneTest; SplitByOutlineLevelParametersBuilder; BookmarksLevelComboBoxTest]; [SplitByBookmarksModule]; [ModuleConfig]; [SplitOptionsPane]; [SplitByOutlineLevelParametersBuilderTest]. LCC (Lack of Component Cohesion) = 0.63
.,org.pdfsam.splitbysize,Feature Concentration,The tool detected the smell in this component because the component realizes more than one architectural concern/feature. Independent sets of related classes within this component are: [SizeUnitRadio; SplitOptionsPaneTest; SplitBySizeParametersBuilder]; [SplitBySizeModule]; [ModuleConfig]; [SplitOptionsPane]; [SizeUnitRadioTest]; [SizeUnitTest]; [SplitBySizeParametersBuilderTest]. LCC (Lack of Component Cohesion) = 0.78
